proj_ep_id,ep_id,name
0010100,tt0059753,Robert Butler
0010103,tt0061027,James Goldstone
0030101,tt0094030,Corey Allen
0040101,tt0108214,David Carson
0030725,tt0111281,Winrich Kolbe
0050101,tt0114530,Winrich Kolbe
0030518,tt0162905,Jonathan Frakes
0030501,tt0170501,David Carson
0060101,tt0286610,James L. Conway
0010113,tt0394903,Gerd Oswald
0010111,tt0394904,Marc Daniels
0010108,tt0394905,Vincent McEveety
0040401,tt0394906,James L. Conway
0040725,tt0394907,Allan Kroeker
0050316,tt0394908,Andrew Robinson
0050510,tt0394909,Les Landau
0050515,tt0394910,Cliff Bole
0050515,tt0394910,Terry Windell
0050724,tt0394911,Allan Kroeker
0050709,tt0394912,David Livingston
0050709,tt0394912,Michael Vejar
0050418,tt0394913,David Livingston
0050711,tt0394914,Peter Lauritson
0050307,tt0394915,Robert Duncan McNeill
0050715,tt0394916,Allan Kroeker
0060205,tt0572172,David Straiton
0060119,tt0572173,James Whitmore Jr.
0060415,tt0572174,Michael Grossman
0060302,tt0572175,David Straiton
0060408,tt0572176,Roxann Dawson
0060318,tt0572177,Allan Kroeker
0060412,tt0572178,David Straiton
0060404,tt0572179,David Livingston
0060417,tt0572180,Allan Kroeker
0060225,tt0572181,Roxann Dawson
0060108,tt0572182,Terry Windell
0060217,tt0572185,Allan Kroeker
0060202,tt0572186,James A. Contner
0060311,tt0572187,Michael Vejar
0060215,tt0572188,David Straiton
0060312,tt0572189,Roxann Dawson
0060109,tt0572190,Michael Vejar
0060222,tt0572191,LeVar Burton
0060111,tt0572192,Robert Duncan McNeill
0060405,tt0572193,Michael Vejar
0060323,tt0572194,Robert Duncan McNeill
0060410,tt0572195,David Straiton
0060319,tt0572196,James L. Conway
0060213,tt0572197,Roxann Dawson
0060204,tt0572198,Roxann Dawson
0060113,tt0572199,James A. Contner
0060420,tt0572200,LeVar Burton
0060124,tt0572201,David Straiton
0060121,tt0572202,David Livingston
0060416,tt0572203,David Barrett
0060316,tt0572204,Roxann Dawson
0060321,tt0572205,Roxann Dawson
0060306,tt0572206,Roxann Dawson
0060303,tt0572207,LeVar Burton
0060123,tt0572208,Patrick R. Norris
0060103,tt0572209,Allan Kroeker
0060224,tt0572210,LeVar Burton
0060110,tt0572211,LeVar Burton
0060117,tt0572212,Rob Hedden
0060216,tt0572213,James Whitmore Jr.
0060315,tt0572214,David Livingston
0060317,tt0572215,Michael Grossman
0060403,tt0572216,Allan Kroeker
0060220,tt0572217,James A. Contner
0060305,tt0572218,David Livingston
0060418,tt0572219,James L. Conway
0060419,tt0572220,Marvin V. Rush
0060219,tt0572221,James L. Conway
0060409,tt0572222,David Livingston
0060206,tt0572223,Michael Vejar
0060203,tt0572224,James A. Contner
0060309,tt0572225,David Straiton
0060120,tt0572226,Jim Charleston
0060211,tt0572227,David Livingston
0060313,tt0572228,David Livingston
0060304,tt0572229,Michael Vejar
0060223,tt0572230,David Livingston
0060118,tt0572231,Allan Kroeker
0060115,tt0572232,Michael Vejar
0060126,tt0572233,Allan Kroeker
0060201,tt0572234,Allan Kroeker
0060112,tt0572235,Winrich Kolbe
0060310,tt0572236,LeVar Burton
0060209,tt0572237,Patrick R. Norris
0060114,tt0572238,Les Landau
0060214,tt0572239,David Livingston
0060401,tt0572240,Allan Kroeker
0060402,tt0572241,David Straiton
0060104,tt0572242,David Livingston
0060314,tt0572243,Michael Vejar
0060106,tt0572244,LeVar Burton
0060421,tt0572245,Marvin V. Rush
0060414,tt0572246,Michael Vejar
0060107,tt0572247,Roxann Dawson
0060406,tt0572248,LeVar Burton
0060221,tt0572249,Robert Duncan McNeill
0060212,tt0572250,Michael Vejar
0060208,tt0572251,James A. Contner
0060322,tt0572252,David Livingston
0060218,tt0572253,David Livingston
0060226,tt0572254,Allan Kroeker
0060407,tt0572255,Michael Grossman
0060320,tt0572256,LeVar Burton
0060207,tt0572257,David Livingston
0060307,tt0572258,David Straiton
0060301,tt0572259,Allan Kroeker
0060422,tt0572260,Allan Kroeker
0060308,tt0572261,Robert Duncan McNeill
0060125,tt0572262,Michael Dorn
0060105,tt0572263,Michael Vejar
0060413,tt0572264,David Livingston
0060210,tt0572265,David Straiton
0060122,tt0572266,Roxann Dawson
0060324,tt0572267,Allan Kroeker
0010217,tt0708412,James Komack
0010219,tt0708413,Marc Daniels
0010123,tt0708414,Joseph Pevney
0010323,tt0708415,Marvin J. Chomsky
0010201,tt0708416,Joseph Pevney
0010304,tt0708417,Marvin J. Chomsky
0010118,tt0708418,Joseph Pevney
0010226,tt0708419,Marc Daniels
0010114,tt0708420,Vincent McEveety
0010225,tt0708421,Ralph Senensky
0010222,tt0708422,Marc Daniels
0010207,tt0708423,Joseph Pevney
0010102,tt0708424,Lawrence Dobkin
0010120,tt0708425,Marc Daniels
0010109,tt0708426,Vincent McEveety
0010307,tt0708427,Marvin J. Chomsky
0010313,tt0708428,John Meredyth Lucas
0010126,tt0708429,John Newland
0010308,tt0708430,Anton Leader
0010211,tt0708431,Joseph Pevney
0010208,tt0708432,Marc Daniels
0010305,tt0708433,Ralph Senensky
0010210,tt0708434,Joseph Pevney
0010315,tt0708435,Jud Taylor
0010209,tt0708436,Ralph Senensky
0010204,tt0708438,Marc Daniels
0010106,tt0708439,Harvey Hart
0010213,tt0708440,Ralph Senensky
0010129,tt0708441,Herschel Daugherty
0010221,tt0708442,Vincent McEveety
0010310,tt0708443,David Alexander
0010319,tt0708444,Murray Golden
0010220,tt0708445,Ralph Senensky
0010115,tt0708446,Robert Sparr
0010122,tt0708447,Marc Daniels
0010306,tt0708448,Vincent McEveety
0010301,tt0708449,Marc Daniels
0010317,tt0708450,Herb Wallerstein
0010127,tt0708451,Gerd Oswald
0010205,tt0708452,Joseph Pevney
0010203,tt0708454,Marc Daniels
0010128,tt0708455,Joseph Pevney
0010321,tt0708456,Jud Taylor
0010110,tt0708458,Joseph Sargent
0010212,tt0708459,Joseph Pevney
0010125,tt0708460,Joseph Pevney
0010206,tt0708461,Marc Daniels
0010312,tt0708462,John Erman
0010105,tt0708463,Leo Penn
0010302,tt0708464,John Meredyth Lucas
0010116,tt0708465,Robert Gist
0010216,tt0708466,Gene Nelson
0010218,tt0708467,Joseph Pevney
0010318,tt0708468,Herbert Kenwith
0010101,tt0708469,Marc Daniels
0010316,tt0708470,Jud Taylor
0010112,tt0708472,Robert Butler
0010104,tt0708473,Marc Daniels
0010223,tt0708474,Vincent McEveety
0010303,tt0708475,Jud Taylor
0010121,tt0708476,Joseph Pevney
0010322,tt0708477,Herschel Daugherty
0010117,tt0708478,Don McDougall
0010309,tt0708479,Herb Wallerstein
0010215,tt0708480,Joseph Pevney
0010224,tt0708481,John Meredyth Lucas
0010320,tt0708482,David Alexander
0010124,tt0708483,Ralph Senensky
0010119,tt0708484,Michael O'Herlihy
0010324,tt0708485,Herb Wallerstein
0010107,tt0708486,James Goldstone
0010202,tt0708488,Marc Daniels
0010314,tt0708489,Herb Wallerstein
0010311,tt0708490,Jud Taylor
0010214,tt0708491,Joseph Pevney
0040718,tt0708492,Winrich Kolbe
0040504,tt0708493,Kim Friedman
0040104,tt0708494,Paul Lynch
0040517,tt0708495,John T. Kretchmer
0040601,tt0708496,Allan Kroeker
0040416,tt0708497,Les Landau
0040703,tt0708498,Les Landau
0040501,tt0708499,James L. Conway
0040213,tt0708500,Winrich Kolbe
0040105,tt0708501,Paul Lynch
0040715,tt0708502,Michael Vejar
0040415,tt0708503,LeVar Burton
0040113,tt0708504,Paul Lynch
0040604,tt0708505,LeVar Burton
0040523,tt0708506,Kim Friedman
0040219,tt0708507,Winrich Kolbe
0040424,tt0708508,Avery Brooks
0040425,tt0708509,Les Landau
0040518,tt0708510,Alexander Siddig
0040515,tt0708511,Les Landau
0040526,tt0708512,Allan Kroeker
0040106,tt0708513,Corey Allen
0040205,tt0708514,Cliff Bole
0040616,tt0708515,David Livingston
0040522,tt0708516,Allan Kroeker
0040714,tt0708517,Stephen L. Posey
0040705,tt0708518,Jonathan West
0040307,tt0708519,Reza Badiyi
0040709,tt0708520,John T. Kretchmer
0040412,tt0708521,Les Landau
0040223,tt0708522,David Livingston
0040108,tt0708523,David Carson
0040309,tt0708524,Cliff Bole
0040315,tt0708525,Les Landau
0040318,tt0708526,Alexander Singer
0040516,tt0708527,David Livingston
0040118,tt0708528,Cliff Bole
0040119,tt0708529,James L. Conway
0040524,tt0708532,Michael Vejar
0040304,tt0708533,Cliff Bole
0040322,tt0708534,Cliff Bole
0040723,tt0708535,Stephen L. Posey
0040325,tt0708536,Cliff Bole
0040323,tt0708537,Rene Auberjonois
0040613,tt0708538,Avery Brooks
0040310,tt0708539,Avery Brooks
0040605,tt0708540,Winrich Kolbe
0040520,tt0708541,Rene Auberjonois
0040713,tt0708542,Tony Dow
0040421,tt0708543,James L. Conway
0040513,tt0708544,Victor Lobl
0040418,tt0708545,Alexander Singer
0040314,tt0708546,Alexander Singer
0040403,tt0708547,Rene Auberjonois
0040620,tt0708548,Allan Kroeker
0040410,tt0708549,David Livingston
0040615,tt0708550,Allan Eastman
0040116,tt0708551,Robert Legato
0040701,tt0708552,Les Landau
0040320,tt0708553,Avery Brooks
0040514,tt0708554,Gabrielle Beaumont
0040525,tt0708555,Michael Dorn
0040120,tt0708556,David Livingston
0040619,tt0708557,Victor Lobl
0040404,tt0708558,LeVar Burton
0040618,tt0708559,Michael Dorn
0040716,tt0708560,David Livingston
0040204,tt0708561,Les Landau
0040710,tt0708562,Anson Williams
0040507,tt0708563,Rene Auberjonois
0040313,tt0708564,Reza Badiyi
0040406,tt0708565,James L. Conway
0040503,tt0708566,Andrew Robinson
0040206,tt0708567,Winrich Kolbe
0040308,tt0708568,Jonathan Frakes
0040110,tt0708569,David Carson
0040208,tt0708570,James L. Conway
0040707,tt0708571,Allan Kroeker
0040614,tt0708572,Allan Kroeker
0040409,tt0708573,Winrich Kolbe
0040215,tt0708574,Corey Allen
0040411,tt0708575,Reza Badiyi
0040103,tt0708576,Winrich Kolbe
0040311,tt0708577,Reza Badiyi
0040312,tt0708578,Reza Badiyi
0040312,tt0708578,Jonathan Frakes
0040717,tt0708579,Stephen L. Posey
0040217,tt0708580,David Livingston
0040711,tt0708581,Victor Lobl
0040623,tt0708582,Alexander Siddig
0040218,tt0708583,Robert Wiemer
0040115,tt0708584,Les Landau
0040316,tt0708585,Rene Auberjonois
0040107,tt0708586,Paul Lynch
0040510,tt0708587,Jonathan West
0040405,tt0708588,Avery Brooks
0040608,tt0708589,LeVar Burton
0040413,tt0708590,Jonathan West
0040211,tt0708591,David Livingston
0040602,tt0708592,Michael Vejar
0040207,tt0708593,David Livingston
0040417,tt0708594,LeVar Burton
0040606,tt0708595,Allan Kroeker
0040210,tt0708596,Les Landau
0040209,tt0708597,Alexander Singer
0040305,tt0708598,Les Landau
0040216,tt0708599,Robert Scheerer
0040702,tt0708600,Allan Kroeker
0040324,tt0708601,Jonathan West
0040419,tt0708602,James L. Conway
0040521,tt0708603,LeVar Burton
0040603,tt0708604,Jesús Salvador Treviño
0040407,tt0708605,Alexander Singer
0040609,tt0708606,Anson Williams
0040719,tt0708607,Rene Auberjonois
0040722,tt0708608,Michael Vejar
0040704,tt0708609,Chip Chalmers
0040626,tt0708610,Allan Kroeker
0040306,tt0708611,Avery Brooks
0040326,tt0708612,Alexander Singer
0040212,tt0708613,David Carson
0040509,tt0708614,Allan Kroeker
0040505,tt0708615,Allan Kroeker
0040512,tt0708616,Jesús Salvador Treviño
0040720,tt0708617,Michael Vejar
0040202,tt0708618,Corey Allen
0040224,tt0708619,Cliff Bole
0040511,tt0708620,Michael Vejar
0040321,tt0708621,David Livingston
0040724,tt0708622,Avery Brooks
0040712,tt0708623,LeVar Burton
0040117,tt0708624,Les Landau
0040201,tt0708625,Winrich Kolbe
0040303,tt0708626,Les Landau
0040226,tt0708627,Kim Friedman
0040610,tt0708628,Chip Chalmers
0040220,tt0708629,David Livingston
0040221,tt0708630,Corey Allen
0040420,tt0708631,David Livingston
0040111,tt0708632,David Livingston
0040109,tt0708633,Paul Lynch
0040423,tt0708634,Rene Auberjonois
0040621,tt0708635,Jesús Salvador Treviño
0040301,tt0708636,Kim Friedman
0040302,tt0708637,Jonathan Frakes
0040502,tt0708638,Kim Friedman
0040203,tt0708639,Winrich Kolbe
0040708,tt0708640,Winrich Kolbe
0040414,tt0708641,David Livingston
0040625,tt0708642,Winrich Kolbe
0040114,tt0708643,David Livingston
0040408,tt0708644,LeVar Burton
0040402,tt0708645,David Livingston
0040222,tt0708648,Kim Friedman
0040508,tt0708649,LeVar Burton
0040319,tt0708650,Winrich Kolbe
0040519,tt0708651,Avery Brooks
0040624,tt0708652,Allan Kroeker
0040422,tt0708653,LeVar Burton
0040706,tt0708654,Stephen L. Posey
0040506,tt0708655,Jonathan West
0040225,tt0708656,Avery Brooks
0040622,tt0708657,Michael Vejar
0040317,tt0708658,Reza Badiyi
0040112,tt0708659,Winrich Kolbe
0040611,tt0708660,Rene Auberjonois
0040721,tt0708663,Michael Dorn
0040214,tt0708664,Les Landau
0040612,tt0708665,Victor Lobl
0040617,tt0708666,Jonathan West
0040607,tt0708667,David Livingston
0030114,tt0708668,Paul Lynch
0030608,tt0708669,Patrick Stewart
0030208,tt0708670,Rob Bowman
0030314,tt0708671,Cliff Bole
0030509,tt0708672,Paul Lynch
0030318,tt0708675,Winrich Kolbe
0030113,tt0708676,Michael Ray Rhodes
0030613,tt0708677,Cliff Bole
0030708,tt0708678,Jonathan Frakes
0030616,tt0708679,Winrich Kolbe
0030617,tt0708680,Dan Curry
0030722,tt0708681,Les Landau
0030306,tt0708682,Gabrielle Beaumont
0030403,tt0708683,Rob Bowman
0030319,tt0708684,Chip Chalmers
0030610,tt0708686,Robert Scheerer
0030611,tt0708687,Les Landau
0030414,tt0708688,Les Landau
0030103,tt0708689,Russ Mayberry
0030118,tt0708690,Michael Vejar
0030124,tt0708691,Cliff Bole
0030211,tt0708692,Joseph L. Scanlan
0030514,tt0708693,Les Landau
0030520,tt0708694,Winrich Kolbe
0030707,tt0708695,Les Landau
0030502,tt0708696,Winrich Kolbe
0030411,tt0708697,Robert Wiemer
0030112,tt0708698,Rob Bowman
0030313,tt0708699,Les Landau
0030626,tt0708700,Alexander Singer
0030701,tt0708701,Alexander Singer
0030413,tt0708702,Tom Benko
0030505,tt0708703,Gabrielle Beaumont
0030203,tt0708704,Rob Bowman
0030723,tt0708705,Cliff Bole
0030503,tt0708708,Les Landau
0030516,tt0708709,Chip Chalmers
0030301,tt0708710,Winrich Kolbe
0030718,tt0708711,Cliff Bole
0030614,tt0708712,Gabrielle Beaumont
0030402,tt0708713,Les Landau
0030409,tt0708714,Corey Allen
0030415,tt0708715,Cliff Bole
0030721,tt0708716,Jonathan West
0030709,tt0708717,Robert Lederman
0030621,tt0708718,James L. Conway
0030408,tt0708719,Les Landau
0030416,tt0708720,Winrich Kolbe
0030704,tt0708721,Peter Lauritson
0030705,tt0708722,Alexander Singer
0030719,tt0708723,Gates McFadden
0030422,tt0708724,Les Landau
0030110,tt0708725,Richard Compton
0030119,tt0708726,Rob Bowman
0030511,tt0708727,Patrick Stewart
0030109,tt0708728,Cliff Bole
0030321,tt0708729,Cliff Bole
0030117,tt0708730,Corey Allen
0030713,tt0708731,Alexander Singer
0030523,tt0708732,Robert Lederman
0030418,tt0708733,Winrich Kolbe
0030522,tt0708734,Gabrielle Beaumont
0030425,tt0708735,Patrick Stewart
0030710,tt0708736,Robert Scheerer
0030703,tt0708737,Robert Wiemer
0030720,tt0708738,Corey Allen
0030107,tt0708739,James L. Conway
0030406,tt0708740,Robert Scheerer
0030619,tt0708741,Robert Wiemer
0030702,tt0708742,Cliff Bole
0030106,tt0708743,Cliff Bole
0030205,tt0708744,Larry Shaw
0030715,tt0708745,Gabrielle Beaumont
0030603,tt0708746,Winrich Kolbe
0030219,tt0708747,Rob Bowman
0030717,tt0708748,Robert Wiemer
0030324,tt0708749,Robert Legato
0030510,tt0708750,Robert Scheerer
0030417,tt0708751,Les Landau
0030711,tt0708752,Robert Wiemer
0030221,tt0708753,Robert Scheerer
0030215,tt0708754,Winrich Kolbe
0030706,tt0708755,Patrick Stewart
0030515,tt0708756,David Livingston
0030724,tt0708757,Patrick Stewart
0030216,tt0708758,Rob Bowman
0030420,tt0708759,Cliff Bole
0030607,tt0708760,Adam Nimoy
0030602,tt0708761,Cliff Bole
0030426,tt0708762,Cliff Bole
0030604,tt0708764,Alexander Singer
0030405,tt0708765,Cliff Bole
0030407,tt0708766,Jonathan Frakes
0030623,tt0708767,Winrich Kolbe
0030217,tt0708768,Les Landau
0030323,tt0708769,Les Landau
0030605,tt0708770,Robert Wiemer
0030624,tt0708771,LeVar Burton
0030222,tt0708772,Rob Bowman
0030612,tt0708773,Alexander Singer
0030504,tt0708774,Cliff Bole
0030317,tt0708775,Les Landau
0030122,tt0708776,Joseph L. Scanlan
0030618,tt0708777,Cliff Bole
0030714,tt0708778,Jonathan Frakes
0030404,tt0708779,Gabrielle Beaumont
0030622,tt0708780,Cliff Bole
0030121,tt0708781,Win Phelps
0030615,tt0708782,Les Landau
0030120,tt0708783,Les Landau
0030108,tt0708784,Rob Bowman
0030326,tt0708785,Cliff Bole
0030401,tt0708786,Cliff Bole
0030111,tt0708787,Joseph L. Scanlan
0030305,tt0708788,Winrich Kolbe
0030620,tt0708789,Jonathan Frakes
0030201,tt0708790,Rob Bowman
0030210,tt0708791,Rob Bowman
0030310,tt0708792,Robert Scheerer
0030421,tt0708793,Jonathan Frakes
0030220,tt0708794,Cliff Bole
0030307,tt0708795,David Carson
0030302,tt0708796,Cliff Bole
0030519,tt0708797,Paul Lynch
0030506,tt0708798,Corey Allen
0030312,tt0708799,Gabrielle Beaumont
0030423,tt0708800,Marvin V. Rush
0030311,tt0708801,Cliff Bole
0030214,tt0708802,Robert Iscove
0030525,tt0708803,Peter Lauritson
0030104,tt0708804,Richard A. Colla
0030410,tt0708805,Chip Chalmers
0030513,tt0708806,Winrich Kolbe
0030209,tt0708807,Robert Scheerer
0030424,tt0708808,David Livingston
0030322,tt0708809,Timothy Bond
0030102,tt0708810,Paul Lynch
0030125,tt0708811,James L. Conway
0030524,tt0708812,David Carson
0030419,tt0708813,Robert Legato
0030316,tt0708814,Jonathan Frakes
0030517,tt0708815,Robert Scheerer
0030204,tt0708816,Robert Becker
0030712,tt0708817,LeVar Burton
0030521,tt0708818,Cliff Bole
0030308,tt0708819,Robert Scheerer
0030609,tt0708820,Jonathan Frakes
0030212,tt0708821,Cliff Bole
0030206,tt0708822,Les Landau
0030303,tt0708823,Les Landau
0030309,tt0708824,Timothy Bond
0030412,tt0708825,Chip Chalmers
0030716,tt0708826,Winrich Kolbe
0030213,tt0708827,Joseph L. Scanlan
0030526,tt0708828,Les Landau
0030601,tt0708829,Les Landau
0030625,tt0708830,Adam Nimoy
0030320,tt0708831,Robert Scheerer
0030115,tt0708832,Rob Bowman
0030325,tt0708833,Tom Benko
0030606,tt0708834,Robert Scheerer
0030507,tt0708835,Les Landau
0030508,tt0708836,Cliff Bole
0030207,tt0708837,Paul Lynch
0030218,tt0708838,Winrich Kolbe
0030512,tt0708839,Robert Wiemer
0030123,tt0708840,Robert Becker
0030116,tt0708841,Kim Manners
0030105,tt0708842,Rob Bowman
0030202,tt0708843,Winrich Kolbe
0030304,tt0708844,Robert Wiemer
0030315,tt0708845,David Carson
0050522,tt0708846,David Livingston
0050605,tt0708847,David Livingston
0050214,tt0708848,Les Landau
0050314,tt0708849,Robert Picardo
0050618,tt0708850,Terry Windell
0050719,tt0708851,David Livingston
0050603,tt0708852,Michael Vejar
0050226,tt0708853,Winrich Kolbe
0050301,tt0708854,Winrich Kolbe
0050321,tt0708855,Allan Kroeker
0050612,tt0708856,Gabrielle Beaumont
0050514,tt0708857,Cliff Bole
0050707,tt0708859,Robert Duncan McNeill
0050512,tt0708860,Allan Kroeker
0050112,tt0708863,Kim Friedman
0050619,tt0708864,Michael Vejar
0050315,tt0708865,Nancy Malone
0050210,tt0708866,Cliff Bole
0050616,tt0708867,Allison Liddi-Brown
0050411,tt0708868,Jesús Salvador Treviño
0050705,tt0708870,Terry Windell
0050403,tt0708873,Jesús Salvador Treviño
0050221,tt0708874,David Livingston
0050218,tt0708875,James L. Conway
0050424,tt0708876,Anson Williams
0050324,tt0708877,Allan Kroeker
0050323,tt0708878,David Livingston
0050607,tt0708879,Winrich Kolbe
0050217,tt0708880,LeVar Burton
0050703,tt0708881,Winrich Kolbe
0050502,tt0708882,Les Landau
0050204,tt0708883,Winrich Kolbe
0050108,tt0708884,David Livingston
0050525,tt0708887,David Livingston
0050601,tt0708888,David Livingston
0050107,tt0708889,LeVar Burton
0050503,tt0708890,Cliff Bole
0050106,tt0708891,Winrich Kolbe
0050113,tt0708892,Winrich Kolbe
0050611,tt0708893,Allan Kroeker
0050313,tt0708894,Jesús Salvador Treviño
0050305,tt0708895,Cliff Bole
0050320,tt0708896,Marvin V. Rush
0050302,tt0708897,David Livingston
0050720,tt0708900,Michael Vejar
0050623,tt0708901,John Bruno
0050308,tt0708902,David Livingston
0050309,tt0708903,Cliff Bole
0050620,tt0708904,Winrich Kolbe
0050513,tt0708905,Terry Windell
0050111,tt0708906,Les Landau
0050722,tt0708907,LeVar Burton
0050426,tt0708908,Winrich Kolbe
0050717,tt0708909,Allan Kroeker
0050415,tt0708910,David Livingston
0050702,tt0708911,David Livingston
0050504,tt0708912,David Livingston
0050507,tt0708913,David Livingston
0050202,tt0708914,Winrich Kolbe
0050222,tt0708915,James L. Conway
0050706,tt0708916,Allan Kroeker
0050220,tt0708917,Les Landau
0050114,tt0708918,Kim Friedman
0050520,tt0708919,Allan Kroeker
0050511,tt0708920,Michael Vejar
0050115,tt0708921,David Livingston
0050624,tt0708922,Terry Windell
0050219,tt0708923,Cliff Bole
0050621,tt0708925,LeVar Burton
0050423,tt0708926,Tim Russ
0050312,tt0708927,Alexander Singer
0050211,tt0708928,David Livingston
0050216,tt0708929,Cliff Bole
0050614,tt0708930,Allan Kroeker
0050414,tt0708931,Nancy Malone
0050412,tt0708932,Allan Kroeker
0050622,tt0708933,Michael Vejar
0050721,tt0708934,Terry Windell
0050404,tt0708935,Alexander Singer
0050501,tt0708936,David Livingston
0050708,tt0708937,LeVar Burton
0050205,tt0708938,David Livingston
0050508,tt0708939,David Livingston
0050505,tt0708940,John T. Kretchmer
0050425,tt0708941,Kenneth Biller
0050608,tt0708942,Robert Picardo
0050102,tt0708943,Kim Friedman
0050610,tt0708944,Michael Vejar
0050208,tt0708945,James L. Conway
0050104,tt0708946,Winrich Kolbe
0050416,tt0708947,Allan Eastman
0050109,tt0708948,Les Landau
0050203,tt0708949,Jonathan Frakes
0050713,tt0708950,Terry Windell
0050213,tt0708951,Jonathan Frakes
0050718,tt0708952,LeVar Burton
0050410,tt0708953,Alexander Singer
0050322,tt0708954,Anson Williams
0050523,tt0708955,Allan Eastman
0050306,tt0708956,Winrich Kolbe
0050723,tt0708957,Michael Vejar
0050712,tt0708958,Michael Vejar
0050704,tt0708959,Winrich Kolbe
0050212,tt0708960,Winrich Kolbe
0050225,tt0708961,Alexander Singer
0050417,tt0708962,Jesús Salvador Treviño
0050405,tt0708963,Kenneth Biller
0050606,tt0708964,Roxann Dawson
0050319,tt0708965,Robert Scheerer
0050407,tt0708967,David Livingston
0050326,tt0708968,David Livingston
0050401,tt0708969,Winrich Kolbe
0050710,tt0708970,Terry Windell
0050521,tt0708971,Robert Duncan McNeill
0050617,tt0708972,David Livingston
0050110,tt0708973,Robert Scheerer
0050602,tt0708974,Terry Windell
0050209,tt0708975,Alexander Singer
0050201,tt0708976,James L. Conway
0050303,tt0708977,Les Landau
0050105,tt0708978,David Livingston
0050318,tt0708979,Alexander Singer
0050516,tt0708980,David Livingston
0050518,tt0708981,Winrich Kolbe
0050402,tt0708982,Anson Williams
0050625,tt0708983,David Livingston
0050419,tt0708985,Victor Lobl
0050421,tt0708986,Victor Lobl
0050311,tt0708987,Cliff Bole
0050406,tt0708988,LeVar Burton
0050304,tt0708989,Alexander Singer
0050223,tt0708990,Marvin V. Rush
0050714,tt0708991,Michael Vejar
0050609,tt0708992,Terry Windell
0050519,tt0708993,Terrence O'Hara
0050509,tt0708994,Winrich Kolbe
0050215,tt0708995,Alexander Singer
0050103,tt0708996,Les Landau
0050506,tt0708997,LeVar Burton
0050604,tt0708998,John Bruno
0050615,tt0708999,Michael Vejar
0050224,tt0709000,Cliff Bole
0050206,tt0709001,Kim Friedman
0050422,tt0709002,Andrew Robinson
0050626,tt0709003,Allan Kroeker
0050701,tt0709004,Michael Vejar
0050317,tt0709005,Robert Duncan McNeill
0050613,tt0709006,Les Landau
0050420,tt0709007,Jesús Salvador Treviño
0050413,tt0709008,Alexander Singer
0050524,tt0709009,John T. Kretchmer
0050310,tt0709010,David Livingston
0050716,tt0709012,Roxann Dawson
0050325,tt0709013,Alexander Singer
0050408,tt0709014,Allan Kroeker
0050409,tt0709015,Michael Vejar
0060116,tt0763253,David Livingston
0060411,tt0765592,Michael Vejar
0050207,tt0777529,Jonathan Frakes
0050517,tt0795288,Anson Williams
0020101,tt0827626,Hal Sutherland
0020206,tt0827627,Bill Reed
0020206,tt0827627,Hal Sutherland
0020102,tt0827628,Hal Sutherland
0020204,tt0832412,Bill Reed
0020204,tt0832412,Hal Sutherland
0020202,tt0832413,Bill Reed
0020202,tt0832413,Hal Sutherland
0020205,tt0832414,Bill Reed
0020205,tt0832414,Hal Sutherland
0020105,tt0832415,Hal Sutherland
0020110,tt0832416,Hal Sutherland
0020109,tt0832417,Hal Sutherland
0020103,tt0832418,Hal Sutherland
0020113,tt0832419,Hal Sutherland
0020115,tt0832420,Hal Sutherland
0020107,tt0832421,Hal Sutherland
0020116,tt0832422,Hal Sutherland
0020104,tt0832423,Hal Sutherland
0020108,tt0832424,Hal Sutherland
0020201,tt0832425,Bill Reed
0020201,tt0832425,Hal Sutherland
0020203,tt0832426,Bill Reed
0020203,tt0832426,Hal Sutherland
0020114,tt0832427,Hal Sutherland
0020106,tt0832428,Hal Sutherland
0020111,tt0832429,Hal Sutherland
0020112,tt0832430,Hal Sutherland
0090109,tt10073428,Akiva Goldsman
0090110,tt10073432,Akiva Goldsman
0070303,tt10199644,Jonathan Frakes
0080201,tt10535174,Mark Pellington
0110101,tt10619492,Ben Hibon
0070302,tt10677378,Olatunde Osunsanmi
0070305,tt10677382,Maja Vrvilo
0070304,tt10677384,Hanelle M. Culpepper
0080202,tt11075922,Daniel Gray Longino
0080203,tt11075934,Sanji Senaka
0080205,tt11075946,Olatunde Osunsanmi
0080204,tt11075948,Michael Giacchino
0080206,tt11080172,Mark Pellington
0070308,tt11427530,Jonathan Frakes
0090201,tt11596676,Doug Aarniokoski
0070306,tt12013206,Doug Aarniokoski
0070307,tt12013210,Jon Dudkowski
0070309,tt12013212,Omar Madha
0070310,tt12047894,Chloe Domont
0070311,tt12047908,Norma Bailey
0070312,tt12047914,Jonathan Frakes
0070313,tt12047918,Olatunde Osunsanmi
0120101,tt12330364,Akiva Goldsman
0070401,tt13345554,Olatunde Osunsanmi
0070406,tt14066802,Jonathan Frakes
0070402,tt14074220,Olatunde Osunsanmi
0070403,tt14074222,Christopher J. Byrne
0070404,tt14074224,John Ottman
0070405,tt14074226,Lee Rose
0110102,tt14080498,Ben Hibon
0070407,tt14145492,Lee Rose
0110103,tt14419876,Alan Wan
0110104,tt14419878,Steve Ahn
0110104,tt14419878,Sung Shin
0110105,tt14419882,Olga Ulanova
0110106,tt14419886,Alan Wan
0110107,tt14419888,Steve Ahn
0110107,tt14419888,Sung Shin
0110108,tt14419890,Sung Shin
0110108,tt14419890,Olga Ulanova
0110109,tt14419894,Ben Hibon
0120102,tt14426230,Maja Vrvilo
0120103,tt14426234,Leslie Hope
0120104,tt14426238,Dan Liu
0120105,tt14426240,Rachel Leiterman
0120106,tt14426244,Andi Armaganian
0120107,tt14426852,Sydney Freeland
0120108,tt14426856,Amanda Row
0120109,tt14426858,Christopher J. Byrne
0120110,tt14426860,Chris Fisher
0090202,tt14435038,Doug Aarniokoski
0090203,tt14435136,Lea Thompson
0090204,tt14435140,Lea Thompson
0090205,tt14435150,Jonathan Frakes
0090206,tt14435154,Jonathan Frakes
0090209,tt14435168,Michael Weaver
0090207,tt14435170,Joe Menendez
0090210,tt14435178,Michael Weaver
0090208,tt14440086,Joe Menendez
0100301,tt14443196,Jason Zurek
0070408,tt15170308,Christopher J. Byrne
0070408,tt15170308,Jen McGowan
0070409,tt15170312,Andi Armaganian
0070410,tt15170316,Deborah Kampmeier
0070411,tt15170318,Jeffrey W. Byrd
0070411,tt15170318,Jen McGowan
0100302,tt15192082,Michael Mullen
0100303,tt15192086,Fill Marc Sagadraca
0100304,tt15192088,Jason Zurek
0100305,tt15192092,Michael Mullen
0100306,tt15192096,Fill Marc Sagadraca
0100307,tt15192098,Jason Zurek
0100308,tt15192104,Michael Mullen
0100309,tt15192112,Fill Marc Sagadraca
0100310,tt15192114,Jason Zurek
0090301,tt15393200,Doug Aarniokoski
0110110,tt15906704,Ben Hibon
0110201,tt15906800,Ben Hibon
0110201,tt15906800,Andrew L. Schmidt
0100401,tt17079354,Barry J. Kelly
0100401,tt17079354,Jason Zurek
0070501,tt17079868,Olatunde Osunsanmi
0120201,tt17079894,Chris Fisher
0110111,tt17080342,Steve Ahn
0110111,tt17080342,Sung Shin
0110112,tt17080350,Sung Shin
0110112,tt17080350,Olga Ulanova
0110113,tt17080362,Andrew L. Schmidt
0110114,tt17080364,Steve Ahn
0110114,tt17080364,Sung Shin
0110115,tt17080370,Sung Shin
0110115,tt17080370,Olga Ulanova
0110116,tt17080382,Steve Ahn
0110116,tt17080382,Sung Shin
0110117,tt17080386,Andrew L. Schmidt
0110118,tt17080392,Sung Shin
0110119,tt17080400,Andrew L. Schmidt
0110120,tt17080404,Ben Hibon
0070412,tt18298648,Olatunde Osunsanmi
0070413,tt18298656,Olatunde Osunsanmi
0120203,tt18969462,Amanda Row
0120202,tt18971274,Valerie Weiss
0090303,tt19402762,Jonathan Frakes
0090304,tt22012530,Jonathan Frakes
0090306,tt22012534,Dan Liu
0090307,tt22012536,Deborah Kampmeier
0090302,tt22012632,Doug Aarniokoski
0090305,tt22012754,Dan Liu
0090308,tt22012816,Deborah Kampmeier
0090309,tt22012822,Terry Matalas
0090310,tt22012830,Terry Matalas
0120204,tt22805714,Eduardo Sánchez
0120205,tt22805720,Jordan Canning
0120206,tt22805736,Dan Liu
0120207,tt22805748,Jonathan Frakes
0120208,tt22805752,Jeffrey W. Byrd
0120209,tt22805762,Dermott Downs
0120210,tt22805766,Maja Vrvilo
0100402,tt22805844,Megan Lloyd
0100403,tt22805852,Brandon Williams
0100404,tt22805878,Bob Suarez
0100405,tt22805896,Megan Lloyd
0100406,tt22805908,Brandon Williams
0100407,tt22805912,Bob Suarez
0100408,tt22805920,Megan Lloyd
0100409,tt22805930,Brandon Williams
0100410,tt22805942,Bob Suarez
0060102,tt25396064,James L. Conway
0070510,tt26965202,Olatunde Osunsanmi
0070502,tt26965285,Doug Aarniokoski
0070506,tt26965512,Christopher J. Byrne
0070504,tt26965515,Lee Rose
0070503,tt26965557,Andi Armaganian
0070507,tt26965558,Jon Dudkowski
0070505,tt26965613,Jen McGowan
0070508,tt26965666,Emmanuel Osei-Kuffour
0070509,tt26965683,Jonathan Frakes
0120301,tt27335023,Chris Fisher
0120302,tt27335038,Jordan Canning
0120303,tt27335045,Dan Liu
0120304,tt27335085,Jonathan Frakes
0120305,tt27335167,Andi Armaganian
0120306,tt27335229,Valerie Weiss
0120307,tt27335310,Sharon Lewis
0120308,tt27335395,Jordan Canning
0120309,tt27335500,Andrew Coutts
0120310,tt27335626,Maja Vrvilo
0100501,tt27336105,Megan Lloyd
0100502,tt27336117,Bob Suarez
0100503,tt27336118,Brandon Williams
0100504,tt27336119,Megan Lloyd
0100505,tt27336122,Bob Suarez
0100506,tt27336123,Brandon Williams
0100507,tt27336125,Megan Lloyd
0100508,tt27336126,Bob Suarez
0100509,tt27336127,Brandon Williams
0100510,tt27336129,Megan Lloyd
0110202,tt28813869,Patrick Krebs
0110202,tt28813869,Andrew L. Schmidt
0110203,tt28813877,Sung Shin
0110204,tt28813889,Ben Hibon
0110205,tt28813894,Ruolin Li
0110205,tt28813894,Andrew L. Schmidt
0110206,tt28813900,Sung Shin
0110207,tt28813904,Sean Bishop
0110207,tt28813904,Sung Shin
0110208,tt28813909,Ruolin Li
0110208,tt28813909,Andrew L. Schmidt
0110209,tt28813914,Sung Shin
0110210,tt28814013,Sean Bishop
0110211,tt28814017,Ruolin Li
0110211,tt28814017,Andrew L. Schmidt
0110212,tt28814026,Sung Shin
0110213,tt28814041,Sean Bishop
0110214,tt28814044,Ruolin Li
0110215,tt28814045,Sung Shin
0110216,tt28814051,Sean Bishop
0110217,tt28814058,Ruolin Li
0110218,tt28814062,Sung Shin
0110219,tt28814072,Sean Bishop
0110220,tt28814073,Ruolin Li
0120404,tt36298580,Axelle Carolyn
0120402,tt37230754,Yana Gorskaya
0120502,tt37275104,Jordan Canning
0120503,tt37275107,Axelle Carolyn
0120501,tt37275143,Dan Liu
0070101,tt5509372,David Semel
0070102,tt5835712,Adam Kane
0070103,tt5835714,Akiva Goldsman
0070104,tt5870994,Olatunde Osunsanmi
0070105,tt5870996,Lee Rose
0070106,tt5870998,Doug Aarniokoski
0070107,tt5884346,David Barrett
0070108,tt5888594,John Scott
0070109,tt5890578,Christopher J. Byrne
0070110,tt6011050,Jonathan Frakes
0070111,tt6011052,T.J. Scott
0070112,tt6011054,Hanelle M. Culpepper
0070113,tt6011058,Olatunde Osunsanmi
0070114,tt6902342,David Solomon
0070115,tt6902346,Akiva Goldsman
0070201,tt7562000,Alex Kurtzman
0070204,tt8201650,Lee Rose
0070202,tt8282868,Jonathan Frakes
0070210,tt8282872,Hanelle M. Culpepper
0070203,tt8288432,Olatunde Osunsanmi
0070205,tt8288434,David Barrett
0070206,tt8288436,Doug Aarniokoski
0070207,tt8288438,Marta Cunningham
0070208,tt8288440,T.J. Scott
0070211,tt8288442,Maja Vrvilo
0070209,tt8288444,Jonathan Frakes
0070212,tt8288446,Doug Aarniokoski
0070213,tt8288448,Olatunde Osunsanmi
0080101,tt9059596,Maja Vrvilo
0080102,tt9059606,Olatunde Osunsanmi
0080103,tt9059608,Doug Aarniokoski
0080104,tt9059610,Rainn Wilson
0100101,tt9207516,Barry J. Kelly
0100101,tt9207516,Juno John Lee
0100102,tt9207518,Kim Arndt
0100102,tt9207518,Juno John Lee
0100103,tt9207520,Bob Suarez
0100103,tt9207520,Juno John Lee
0100104,tt9207522,Barry J. Kelly
0100104,tt9207522,Juno John Lee
0100105,tt9207524,Kim Arndt
0100105,tt9207524,Juno John Lee
0100106,tt9207526,Bob Suarez
0100106,tt9207526,Juno John Lee
0100107,tt9207528,Barry J. Kelly
0100107,tt9207528,Juno John Lee
0100108,tt9207530,Kim Arndt
0100108,tt9207530,Juno John Lee
0100109,tt9207532,Bob Suarez
0100109,tt9207532,Juno John Lee
0100110,tt9207534,Barry J. Kelly
0100110,tt9207534,Juno John Lee
0100201,tt9207540,Jason Zurek
0100201,tt9207540,Barry J. Kelly
0100202,tt9207542,Kim Arndt
0100202,tt9207542,Barry J. Kelly
0100203,tt9207544,Bob Suarez
0100203,tt9207544,Barry J. Kelly
0100204,tt9207546,Jason Zurek
0100204,tt9207546,Barry J. Kelly
0100205,tt9207548,Kim Arndt
0100205,tt9207548,Barry J. Kelly
0100206,tt9207550,Bob Suarez
0100206,tt9207550,Barry J. Kelly
0100207,tt9207552,Jason Zurek
0100207,tt9207552,Barry J. Kelly
0100208,tt9207554,Kim Arndt
0100208,tt9207554,Barry J. Kelly
0100209,tt9207556,Bob Suarez
0100209,tt9207556,Barry J. Kelly
0100210,tt9207558,Jason Zurek
0100210,tt9207558,Barry J. Kelly
0090101,tt9381924,Hanelle M. Culpepper
0090102,tt9420276,Hanelle M. Culpepper
0090103,tt9420278,Hanelle M. Culpepper
0090104,tt9420280,Jonathan Frakes
0090105,tt9420282,Jonathan Frakes
0090106,tt9420284,Maja Vrvilo
0090107,tt9420288,Doug Aarniokoski
0090108,tt9420290,Maja Vrvilo
0070214,tt9572608,Olatunde Osunsanmi
0070301,tt9877958,Olatunde Osunsanmi
